1,2,3,4,5,6,7,8,9,10,11,12,13,14,15,16,17,18,19,20,21,22,23,24,25,26,27,28,29,30,31,32,33,34,35,36,37,38,39,40,41,42,43,44,45,46,47,48,49,50,51,52,53,54,55,56,57,58,59,60,61,62,63,64,65,66,67,68,69,70,71,72,73,74,75,76,77,78,79,80,81,82,83,84,85,86,87,88,89,90,91,92,93,94,95,96
0,0,0,0,0,0,0,0,0,0,0,0,0,0,0,0,0,0,0,0,0,0,0,0,0,0,0,0,0.218694,9.175203,24.906397,58.348885,100.483093,145.744217,166.682297,205.552994,248.957535,262.709442,284.143005,316.502777,364.351379,409.527924,420.869629,425.445862,449.607513,476.051727,523.765381,573.824341,564.224487,583.065552,584.0578,604.822021,641.197876,695.023254,740.507935,777.878052,787.465576,782.777222,760.283508,745.491943,746.836487,736.759277,709.040039,665.523315,650.200378,599.032104,519.067932,445.113434,380.718658,299.484039,220.538818,116.971863,25.199474,0,0,0,0,0,0,0,0,0,0,0,0,0,0,0,0,0,0,0,0,0,0,0
0,0,0,0,0,0,0,0,0,0,0,0,0,0,0,0,0,0,0,0,0,0,0,0,0,0,0,5.352173,68.443657,320.25,701.714233,1134.976807,1550.540894,2075.125488,2528.468994,2849.189941,3162.38501,3544.443604,3755.484863,4288.419922,4550.676758,5068.697266,5520.762695,5839.909668,5944.03125,6191.969238,6373.59082,6377.175293,6340.164062,6108.548828,6148.066895,5960.688965,5893.006836,5595.844238,5484.086426,5126.071777,4735.035645,4215.839355,3661.314941,3247.138184,2841.81543,2543.999268,2166.705811,1787.668701,1514.478882,1220.832886,929.536621,719.47998,532.179199,359.592926,226.291367,90.190659,7.162815,0,0,0,0,0,0,0,0,0,0,0,0,0,0,0,0,0,0,0,0,0,0,0
0,0,0,0,0,0,0,0,0,0,0,0,0,0,0,0,0,0,0,0,0,0,0,0,0,0,0,0,38.751556,239.224777,504.285522,944.590942,1569.905151,2288.963379,3007.669189,3846.829102,4646.450195,5252.887695,5855.711914,6393.260742,6935.208984,7426.041016,7970.45752,8379.50293,8887.347656,9006.483398,9108.080078,9022.458984,9092.241211,8976.410156,8956.857422,8448.680664,8091.856445,7900.929199,7192.939453,7194.376953,6941.07666,6900.251953,6571.334961,5970.982422,5778.962891,5500.548828,5054.920898,4940.585938,4555.208008,3895.424316,3224.684326,2575.542969,1813.560791,1227.69043,787.81543,393.237274,105.714783,1.005025,0,0,0,0,0,0,0,0,0,0,0,0,0,0,0,0,0,0,0,0,0,0
0,0,0,0,0,0,0,0,0,0,0,0,0,0,0,0,0,0,0,0,0,0,0,0,0,0,0,7.445105,129.613892,452.133087,848.090027,1496.684326,2147.797607,2879.212891,3585.79834,4364.790527,4863.289551,5671.722168,6438.764648,6857.931641,7269.091797,7697.308105,8090.259277,8379.325195,8656.00293,8851.658203,8927.126953,8894.759766,8075.213867,6703.954102,6346.856934,6444.823242,6272.841797,6765.919922,7470.964844,7668.382812,7133.548828,6799.175293,6181.874023,5701.092285,5343.203613,4995.151367,4477.638672,4105.495117,3563.878418,3003.556152,2498.131592,2031.963623,1529.02478,1090.199951,645.597168,312.30246,79.812714,0,0,0,0,0,0,0,0,0,0,0,0,0,0,0,0,0,0,0,0,0,0,0
0,0,0,0,0,0,0,0,0,0,0,0,0,0,0,0,0,0,0,0,0,0,0,0,0,0,0,17.402973,223.990952,645.241455,1198.81958,1891.763306,2646.893555,3447.206543,4192.814453,4833.959473,5548.384766,6043.261719,6633.775879,7142.529785,7412.013184,7712.845215,6340,5078.800781,4895.797363,4138.8125,3917.036621,3733.708008,3316.957764,3965.110352,3860.415527,4212.756348,4334.864746,5075.402832,5302.572266,5845.603027,6135.973145,5863.211914,5572.60791,6524.405273,6374.991211,5598.376953,6094.251953,5275.093262,5108.473633,4519.087891,3654.931885,2854.267822,2077.55127,1450.344604,917.342834,498.792877,155.150909,4.012242,0,0,0,0,0,0,0,0,0,0,0,0,0,0,0,0,0,0,0,0,0,0
0,0,0,0,0,0,0,0,0,0,0,0,0,0,0,0,0,0,0,0,0,0,0,0,0,0,0,6.697292,66.580933,165.729019,352.669342,593.193848,855.189941,1210.566162,1571.050415,1728.088501,2153.944092,2486.215088,2705.345215,2952.224609,3177.745361,3395.280029,3680.750488,3939.040527,4182.904297,4473.884277,4850.786133,5117.70459,5266.476074,5377.143066,5547.20459,5557.53418,5796.796387,5782.999512,5824.766602,5644.387695,5294.788574,4952.446289,4776.14502,4403.241699,3977.898438,3843.788818,3531.453613,3042.843506,2708.789795,2320.12793,1951.737793,1606.539307,1283.182861,902.774414,566.02356,307.723145,99.318527,4.791053,0,0,0,0,0,0,0,0,0,0,0,0,0,0,0,0,0,0,0,0,0,0
0,0,0,0,0,0,0,0,0,0,0,0,0,0,0,0,0,0,0,0,0,0,0,0,0,0,0,16.685661,188.848038,547.972778,1048.524048,1658.03894,2352.71582,3110.462158,3879.518066,4659.771973,5417.664062,6118.669922,6760.679688,7368.851562,7675.5,7101.262207,6294.294922,5822.352539,4976.575684,5275.90625,4755.453125,3976.828125,3788.307129,3869.182861,3985.048828,4387.986328,4417.73877,5043.197754,5222.703613,5623.082031,5859.47168,5830.247559,5761.440918,5760.386719,6106.089355,5069.028809,4391.272949,4250.075684,4152.297852,3455.527832,3329.098877,2610.540283,1933.129028,1316.751587,821.255859,449.399414,172.203934,22.711002,12.420959,0,0,0,0,0,0,0,0,0,0,0,0,0,0,0,0,0,0,0,0,0
0,0,0,0,0,0,0,0,0,0,0,0,0,0,0,0,0,0,0,0,0,0,0,0,0,0,0,27.596651,202.151855,528.963379,975.005188,1535.593506,2167.169434,2832.028809,3521.328613,4115.242676,4755.447266,5390.404785,5943.036133,5564.451172,4800.160645,4461.355469,3964.350342,3455.19751,2867.195557,2965.639404,2811.370605,2654.641113,2530.850098,3077.51001,3481.637207,3544.477783,3764.669922,4330.34375,4468.317871,4860.465332,4813.098633,4682.328613,4134.540527,4107.331055,4295.059082,4166.401367,3980.758301,3719.695557,3545.70752,3146.281738,2693.530029,2151.650879,1632.327271,1139.578369,721.665649,402.378204,151.245178,9.729399,0,0,0,0,0,0,0,0,0,0,0,0,0,0,0,0,0,0,0,0,0,0
0,0,0,0,0,0,0,0,0,0,0,0,0,0,0,0,0,0,0,0,0,0,0,0,0,0,0,32.748043,226.120789,549.955933,964.37085,1491.603638,2075.248291,2723.30957,3398.427002,4073.422852,4627.712402,5242.11377,5875.207031,6385.474609,6343.334961,5251.177246,4917.737305,4169.67041,3625.282715,3703.908691,3348.143799,3323.288086,3417.956055,3941.854736,4089.160889,4259.337891,4495.688477,4967.213867,5383.095215,5722.961914,5936.526367,5607.410156,5585.854492,5523.58252,5372.148438,4969.314941,4404.17627,4131.562012,3428.811523,2836.799805,2467.233154,1878.344971,1365.394775,1021.751587,679.244507,372.199371,185.963562,24.291016,0,0,0,0,0,0,0,0,0,0,0,0,0,0,0,0,0,0,0,0,0,0
0,0,0,0,0,0,0,0,0,0,0,0,0,0,0,0,0,0,0,0,0,0,0,0,0,0,0.060214,46.940098,231.569595,515.985168,907.81543,1376.83252,1852.534302,2534.98999,3172.652344,3846.395996,4270.652344,4810.832031,5099.907715,5520.692871,5476.504395,5505.305176,5767.014648,5993.127441,5761.73291,5445.208496,5486.626465,5219.640625,5090.287109,4976.615723,5023.419922,4783.981445,4488.69043,4179.01709,3788.370117,3528.029297,3500.401611,3400.0271,2880.318115,2611.392822,2387.54541,2267.712402,2225.828125,1886.437744,1724.655029,1489.398926,1226.479248,1042.553467,853.557983,617.285278,476.765198,277.687927,131.633118,23.958157,1.101817,0,0,0,0,0,0,0,0,0,0,0,0,0,0,0,0,0,0,0,0,0
0,0,0,0,0,0,0,0,0,0,0,0,0,0,0,0,0,0,0,0,0,0,0,0,0,0,1.530797,69.742043,344.373779,773.156006,1183.664062,1882.943115,2547.833984,3254.095215,3867.881104,4652.857422,5503.779297,6105.663574,6672.032227,7018.100098,7027.650391,6541.185059,6330.866211,6099.759766,5877.483398,5919.587891,5634.539551,5408.508301,4958.648438,5346.470215,5518.814453,5748.373535,5957.677246,7215.520996,7577.906738,8218.948242,8001.989258,7731.898438,7353.213867,6811.901855,6322.598145,5741.618164,5232.631348,4637.25,4074.474609,3487.133301,2963.824707,2408.643066,1844.795532,1321.233765,928.723206,495.28241,185.737885,20.508221,0,0,0,0,0,0,0,0,0,0,0,0,0,0,0,0,0,0,0,0,0,0
0,0,0,0,0,0,0,0,0,0,0,0,0,0,0,0,0,0,0,0,0,0,0,0,0,0,0.371627,77.672394,329.470764,658.855591,1081.907471,1584.857544,2191.483887,2877.74707,3570.111572,4216.658691,4860.684082,5342.378418,5954.368164,6467.916992,6976.169922,7334.708984,7249.018066,7194.668945,6919.950195,6829.747559,6767.802734,6633.116211,6037.412109,6252.244141,6641.198242,7200.287598,7485.068359,7726.666016,7539.024414,7533.970703,7004.25,6863.79834,6455.310547,6280.912109,5897.445312,5582.192383,5204.468262,4758.831543,4218.920898,3774.953125,3172.731934,2609.509277,2062.172363,1557.9729,1081.392944,616.995789,266.968842,43.740158,1.900106,2.274932,2.371377,0,0,0,0,0,0,0,0,0,0,0,0,0,0,0,0,0,0,0
0,0,0,0,0,0,0,0,0,0,0,0,0,0,0,0,0,0,0,0,0,0,0,0,0,0,18.416729,92.475708,298.128754,705.420288,1145.739136,1242.524048,1589.857422,2054.150879,2480.315186,2756.055908,3143.547607,3352.664307,3482.81543,3513.537842,3822.9646,3805.955566,3823.359131,3937.907227,3927.019287,4063.445312,3865.615234,4245.768555,4512.017578,4503.419434,4133.987793,4119.697266,4165.408691,4350.048828,4103.267578,3891.194092,3684.570557,3420.074707,3069.794434,2808.843994,2580.716553,2373.682617,2095.154785,1829.947754,1583.557373,1340.457886,1119.675659,928.796997,721.172058,561.886475,395.200562,248.807297,118.353653,37.522987,0,0,0,0,0,0,0,0,0,0,0,0,0,0,0,0,0,0,0,0,0,0
0,0,0,0,0,0,0,0,0,0,0,0,0,0,0,0,0,0,0,0,0,0,0,0,0,0,0.346942,51.626774,201.167679,383.19632,597.5578,786.63678,1020.451294,1292.864258,1545.348999,1672.251221,1989.155762,2460.788818,2901.716309,3383.121582,3805.579346,4132.992188,4699.366699,5371.487793,5749.081543,6009.61084,6169.965332,6542.462891,6365.077148,6538.780273,6425.520996,6503.321289,6679.930176,6436.549805,5972.172852,5412.15332,5133.778809,5103.478516,5107.363281,4789.154297,4386.265625,3926.731934,3481.841797,3406.610352,3144.253418,2857.769775,2502.709229,2076.350098,1782.029053,1379.580444,1045.710083,627.797241,292.109528,53.918583,3.384285,3.536568,3.621745,3.628658,3.621351,3.586463,3.56108,3.586803,3.608757,3.58923,3.643962,0,0,0,0,0,0,0,0,0,0,0
0,0,0,0,0,0,0,0,0,0,0,0,0,0,0,0,0,0,0,0,0,0,0,0,0,0,18.587473,220.752014,676.867493,1304.936646,2060.125244,2881.820557,3755.180664,4620.575684,5501.40332,6273.078613,6884.414551,6502.690918,6092.566406,5359.233887,5003.294922,4383.763672,4157.098145,3854.887695,3637.331055,3666.242676,3439.836182,3322.087646,2926.221924,2945.351318,2992.368652,3361.216064,3621.568604,4153.320801,4303.694336,4534.699707,4480.816895,4128.48584,4096.95752,4180.363281,4122.123535,3758.615479,3816.991211,3856.879883,4109.554688,3768.595703,3919.835938,3897.103027,3141.186523,2364.208496,1589.844116,927.899048,426.461731,112.723145,1.858819,0,0,0,0,0,0,0,0,0,0,0,0,0,0,0,0,0,0,0,0,0
0,0,0,0,0,0,0,0,0,0,0,0,0,0,0,0,0,0,0,0,0,0,0,0,0,0,3.395005,167.593353,578.852112,1187.481079,1959.410645,2799.500977,3723.242188,4603.900391,5418.030762,6201.885742,6827.030273,6933.057617,6495.842773,6077.519531,5618.275391,5118.060059,4929.387207,4446.27832,4305.907227,4349.81543,4219.122559,3774.958252,3565.417236,3866.540527,3853.9375,4097.366211,4383.57959,4871.255371,5078.135742,5605.853516,5231.121094,5014.509277,5008.396484,5014.003418,5030.348633,4644.602539,4598.419922,4560.860352,4785.03418,4431.532227,4245.027344,3533.267334,2768.518311,2076.571533,1407.793823,847.607788,406.142548,114.130287,2.89565,0,0,0.127035,0.122552,0.036329,0.048522,0,0,0,0,0,0,0,0,0,0,0,0,0,0,0
0,0,0,0,0,0,0,0,0,0,0,0,0,0,0,0,0,0,0,0,0,0,0,0,0,0,35.337227,265.231567,727.666504,1374.535889,2141.321289,2982.252686,3875.014893,4763.458496,5622.170898,6397.694824,6977.583496,7529.80957,8084.90918,8307.358398,7814.314453,7388.648926,6930.803711,6354.085938,6007.521973,6102.369141,5702.680664,5339.849609,4609.199219,4615.080078,4555.445801,4861.258789,4689.654297,5338.631836,5855.60498,6189.557129,6531.416992,6561.751953,6714.749512,6622.317383,5964.977539,5637.203125,5432.27832,5725.213867,5305.311035,4955.799316,4648.576172,3880.913086,3072.364014,2332.117676,1573.937256,925.959106,435.390015,121.711029,2.406216,0,0,0,0,0,0,0,0,0,0,0,0,0,0,0,0,0,0,0,0,0
0,0,0,0,0,0,0,0,0,0,0,0,0,0,0,0,0,0,0,0,0,0,0,0,0,0.012646,37.110298,278.535217,729.198792,1350.577271,2092.289062,2916.034424,3777.999023,4627.276367,5453.029297,6165.798828,6837.999512,7407.174805,7826.160645,8279.400391,7952.085938,7517.869141,7133.023438,6825.106934,6303.082031,6302.211914,5885.215332,5627.612793,5030.521484,4892.529785,4970.313477,5042.067383,5101.033203,5946.058594,6013.688477,6469.416992,6621.977539,6943.149414,7071.678711,6891.50293,6433.963867,5743.986816,5673.132812,5982.838379,5842.443359,5215.080566,4524.746094,3782.303711,2914.797852,2089.66626,1499.319946,922.415405,448.335602,130.457031,7.062952,0,0,0,0,0,0,0,0,0,0,0,0,0,0,0,0,0,0,0,0,0
0,0,0,0,0,0,0,0,0,0,0,0,0,0,0,0,0,0,0,0,0,0,0,0,0,0.717087,56.056774,337.408508,839.138062,1505.860596,2287.920898,3142.231689,4045.441895,4918.104492,5685.835449,6315.637207,6958.195312,7563.028809,8081.126953,7227.230469,6528.419922,6151.972656,5539.67334,5049.828613,4731.92627,4613.915527,4762.001953,4484.598633,4252.34668,4135.821289,4072.785645,4160.508789,4272.151367,4995.045898,5272.289062,5865.440918,6347.674805,6301.3125,6224.206543,6221.660156,6231.299805,5918.765625,5985.460449,6054.056641,5934.214844,5215.96875,4697.788574,3976.137695,3160.195801,2381.808838,1636.634277,980.880249,474.244141,146.202042,6.831918,0,0,0,0,0,0,0,0,0,0,0,0,0,0,0,0,0,0,0,0,0
0,0,0,0,0,0,0,0,0,0,0,0,0,0,0,0,0,0,0,0,0,0,0,0,0,1.038172,61.187347,327.93866,786.073486,1406.063843,2142.96582,2947.51001,3798.413574,4626.894043,5420.615234,6127.209961,6804.465332,7406.578613,7809.223633,7774.963867,7216.666016,6746.964844,6362.494141,6135.995117,5887.063477,6015.785156,5634.489746,5219.064941,4500.064453,4595.056641,4677.1875,4778.220215,4949.897461,5711.941406,6135.554199,6638.371094,6893.02832,6576.737793,6397.369629,5983.207031,6032.294922,5877.012207,6030.118164,6046.732422,5901.068848,5336.116699,4680.399414,3880.866455,3082.037598,2290.773438,1566.020508,938.195435,472.638428,155.485321,9.454074,0,0,0,0,0,0,0,0,0,0,0,0,0,0,0,0,0,0,0,0,0
0,0,0,0,0,0,0,0,0,0,0,0,0,0,0,0,0,0,0,0,0,0,0,0,0,3.58133,79.283577,364.637909,835.514893,1463.420166,2209.381104,3024.881104,3878.095947,4712.243164,5453.615234,6171.814941,6824.131348,7413.476562,7898.020508,7775.81543,7349.541504,6869.030273,6387.78125,6174.861328,5945.779297,6036.538574,5826.590332,5348.810547,4875.30957,4769.498535,5110.651367,5278.30957,5288.658203,6405.292969,6504.168945,6967.827148,7086.73291,6640.848145,6436.025391,6231.208008,6247.769043,6256.126953,6115.652832,6184.290527,5831.347168,5231.520996,4516.161133,3680.662598,2921.310791,2186.761963,1479.911011,813.275146,393.303711,134.674911,6.320041,0,0,0,0,0,0,0,0,0,0,0,0,0,0,0,0,0,0,0,0,0
0,0,0,0,0,0,0,0,0,0,0,0,0,0,0,0,0,0,0,0,0,0,0,0,0,5.793644,64.17366,215.699371,456.02771,751.821411,1140.528931,1507.090332,1907.959229,2371.778809,2788.474365,2991.70166,3493.76123,3633.831299,3759.799316,3909.882324,3932.797363,4211.803711,4413.385742,4713.270996,5289.841309,5936.59082,6374.467773,7064.062012,7498.619141,7518.728516,7383.736328,7837.269531,7759.84668,7311.029297,7257.823242,7372.429688,7052.202148,6633.379883,6090.289062,5514.988281,5284.629395,5003.473145,4555.618652,4237.736328,3820.811523,3402.783936,2871.036865,2379.586182,1954.881348,1504.928833,1082.575684,692.487793,378.706787,119.552841,1.922795,0,0,0.074474,0.100061,0.084762,0.103161,0.099413,0.108436,0,0,0,0,0,0,0,0,0,0,0,0,0
0,0,0,0,0,0,0,0,0,0,0,0,0,0,0,0,0,0,0,0,0,0,0,0,0,1.196193,62.673145,328.900146,705.450195,1223.995728,1883.696655,2668.416992,3498.115234,4340.406738,5116.253418,5704.98291,6476.296875,7076.047852,7609.22168,8119.569336,8054.506836,6911.099609,6592.440918,6253.518066,6165.901367,6115.493164,5902.998535,5557.140625,4698.676758,4758.484375,4703.075195,4693.220215,4817.375488,5901.319336,6236.751953,7031.149902,7347.600098,7360.851562,6938.967773,6566.404785,6108.04834,5870.005371,5498.215332,5432.496582,4941.710449,4217.902344,3581.598145,2973.0896,2377.957031,1773.678467,1191.392822,732.172485,361.330139,92.593246,1.147982,0,0,0,0,0,0,0,0,0,0,0,0,0,0,0,0,0,0,0,0,0
0,0,0,0,0,0,0,0,0,0,0,0,0,0,0,0,0,0,0,0,0,0,0,0,0,8.297287,104.684402,348.678833,713.664368,1195.068726,1770.745117,2424.674072,3092.776855,3913.374512,4671.67041,5453.549805,6111.705566,6790.442383,7379.40332,7902.256348,8316.136719,7964.387207,7279.717773,7140.275391,6781.982422,6936.495117,6507.466797,5975.279297,5439.110352,5064.276367,5158.300781,5587.870605,5640.740234,6761.416016,7640.820801,8539.598633,8234.569336,7691.557129,7511.644043,7010.678711,6629.887695,5869.438965,5799.893555,5310.554688,4646.526367,4192.692383,3476.287109,2950.755371,2241.572998,1708.962158,1286.803223,809.790039,457.009338,152.94632,6.058375,0,0,0,0,0,0,0,0,0,0,0,0,0,0,0,0,0,0,0,0,0
0,0,0,0,0,0,0,0,0,0,0,0,0,0,0,0,0,0,0,0,0,0,0,0,0,15.981831,126.633224,406.656525,678.526855,952.200745,1294.199829,1607.72644,1958.650879,2637.131348,3079.244629,3228.342285,3475.748047,3376.725586,3688.307373,4020.203125,4470.23877,4613.677734,4912.141113,5038.139648,5137.431641,5387.669434,5753.473145,5719.340332,5399.288574,5413.095703,5431.978516,5252.998047,4976.415039,5321.719727,5140.686523,5032.346191,4892.945312,4498.723145,4336.671875,4148.500977,3906.62793,3708.681152,3485.257812,3307.938721,2924.625977,2526.22168,2165.16748,1794.174072,1489.979004,1149.001953,891.745361,580.945801,323.442993,141.510193,17.54147,0,0,0,0,0,0,0,0,0,0,0,0,0,0,0,0,0,0,0,0,0
0,0,0,0,0,0,0,0,0,0,0,0,0,0,0,0,0,0,0,0,0,0,0,0,0,0,6.4037,30.72352,120.629814,211.820129,309.587769,427.074097,517.325623,691.005127,763.200073,931.885132,1135.423096,1159.619263,1439.322998,1514.487061,1828.702637,2344.54126,2712.577393,2812.534424,3112.034668,2998.93335,3083.864258,3356.963867,4236.466797,5205.427734,5988.002441,6049.923828,6204.299805,6207.350098,6070.947266,5968.568359,6207.717773,6645.427734,6924.317383,6784.329102,6278.159668,5954.097656,5530.667969,4904.354004,4523.654297,3896.904785,3370.277344,2574.858887,1985.894531,1373.280151,863.462769,546.934265,301.812164,122.631905,8.593935,0,0,0,0,0,0,0,0,0,0,0,0,0,0,0,0,0,0,0,0,0
0,0,0,0,0,0,0,0,0,0,0,0,0,0,0,0,0,0,0,0,0,0,0,0,0,12.877313,138.76709,411.035187,789.421753,1266.144531,1851.93396,2552.814697,3277.696045,4001.734375,4842.625977,5464.597168,6080.862305,6411.328613,6594.529297,6322.060547,6183.07666,6015.084473,5962.563477,5574.449219,5131.100586,5532.425293,6020.961426,6035.686523,5705.09668,5992.354004,6223.702637,6368.570801,6545.813477,7306.729492,7217.089844,7462.601074,6717.51416,6700.193359,5938.480469,5870.711426,5516.614258,4812.224121,4720.955078,4500.641602,4231.907715,3848.91333,3243.231201,2854.689209,2387.567383,1883.087036,1373.611694,1010.552002,610.097534,266.81073,38.0555,0,0,0,0,0,0,0,0,0,0,0,0,0,0,0,0,0,0,0,0,0
0,0,0,0,0,0,0,0,0,0,0,0,0,0,0,0,0,0,0,0,0,0,0,0,0.219597,42.537762,268.816895,690.260376,1276.784668,1999.962646,2817.798096,3704.668701,4573.091797,5396.48584,6194.972168,6803.135742,7451.439453,7790.516602,7349.820312,6778.82959,6263.747559,4977.929688,4497.887695,4692.824219,4391.040039,4431.288086,4423.61084,3999.675293,3559.672607,3705.652344,3759.155273,4166.668457,4209.095215,4837.358398,5312.867188,5794.904785,5885.699219,5890.16748,6055.023438,5971.731445,5829.765137,5587.911133,5700.163086,5761.524414,5515.380859,4766.525879,4781.756348,4084.923096,3338.921387,2539.695801,1764.72168,1146.4729,629.857422,273.992065,44.862656,0,0,0,0,0,0,0,0,0,0,0,0,0,0,0,0,0,0,0,0,0
0,0,0,0,0,0,0,0,0,0,0,0,0,0,0,0,0,0,0,0,0,0,0,0,0.349674,54.91629,303.31665,706.564392,1254.133911,1896.649658,2661.704102,3465.72583,4293.037109,5118.462891,5874.723633,6454.311035,7043.739258,7626.254395,8161.568848,7557.193359,7188.647461,6882.835938,6364.380859,6428.898438,6132.684082,6396.246582,6234.179688,5708.185547,4933.532715,4725.530273,5128.791016,5204.128418,5405.145508,6072.56543,6002.539551,6615.539062,6852.147461,6508.555176,6153.222656,6537.46582,6163.741699,5607.018066,5850.837402,6060.436523,5618.05957,5109.604492,4397.730469,3663.36377,2883.228027,2136.513184,1469.744385,928.230591,530.505432,243.75177,39.355694,0,0,0,0,0,0,0,0,0,0,0,0,0,0,0,0,0,0,0,0,0
0,0,0,0,0,0,0,0,0,0,0,0,0,0,0,0,0,0,0,0,0,0,0,0,0.139533,41.503162,212.988434,522.1427,878.721436,1245.068848,1750.66394,2350.166748,2968.533203,3605.743164,4226.313477,4814.183594,5304.976562,5912.78125,6303.973145,6661.47168,7012.987793,6376.59375,6154.21582,5909.069824,5831.652344,6158.668945,5856.482422,5408.381348,4460.602539,4243.165039,4075.833496,3844.458008,3285.259766,3617.543457,3895.126953,4216.603516,4519.591797,4893.106934,5330.82666,5360.094727,5675.041504,5066.105469,5236.016602,5067.562012,4916.17627,4447.02002,3946.555176,3441.378174,2840.144043,2176.112549,1574.076172,1022.381958,595.962891,273.015533,52.612099,0,0,0,0,0,0,0,0,0,0,0,0,0,0,0,0,0,0,0,0,0
0,0,0,0,0,0,0,0,0,0,0,0,0,0,0,0,0,0,0,0,0,0,0,0,1.795333,66.501038,317.753601,709.208435,1247.388794,1899.434082,2645.424316,3471.865967,4305.168945,5117.166992,5845.233398,6527.939453,7150.839355,7612.422363,7673.089355,7424.141113,7003.182617,6548.487793,6422.787109,6118.355469,5919.96582,5984.730469,6022.146973,5410.373047,4657.236816,4800.939453,4980.974121,5389.733398,5418.833008,6329.72168,6459.875977,7044.830078,7420.053711,7647.213867,6937.679688,6763.042969,6843.431641,6509.734375,6103.097656,5608.198242,5056.853516,4394.745605,3433.151367,2993.171387,2418.275391,1728.504639,1286.777832,913.317383,550.192322,275.879272,75.394722,0.08714,0,0,0,0,0,0,0,0,0,0,0,0,0,0,0,0,0,0,0,0
0,0,0,0,0,0,0,0,0,0,0,0,0,0,0,0,0,0,0,0,0,0,0,0,7.223121,107.037941,367.839783,791.712463,1373.783936,2071.92627,2859.387939,3698.462402,4544.875977,5358.695801,6066.286133,6788.287109,7433.637695,7894.112305,8341.339844,7708.754395,7647.84375,7179.532227,6915.53418,6517.619141,6394.070312,6912.364258,6420.908691,5932.850586,4966.516602,5326.966797,5420.07959,5823.044922,5858.3125,6920.126953,7170.536133,8006.491699,8068.398926,8039.54248,7960.863281,7802.435547,8004.462402,7153.829102,6952.987793,6904.95166,6308.328613,5658.70752,4942.168457,4181.005371,3383.78125,2624.849365,1879.89624,1199.693604,645.42926,286.049072,69.289345,0,0,0,0,0,0,0,0,0,0,0,0,0,0,0,0,0,0,0,0,0
0,0,0,0,0,0,0,0,0,0,0,0,0,0,0,0,0,0,0,0,0,0,0,0,5.924492,89.824463,385.394836,743.812256,1130.309937,1646.816772,2397.412109,3106.317383,3774.723877,4510.32959,5158.000488,5790.045898,6340.537109,7014.852051,7499.597656,7997.083984,7443.824707,6981.562012,6410.456055,6491.883301,6117.230469,5951.514648,6061.649902,5644.540039,4929.493652,5092.355957,5234.105469,5691.571289,5665.329102,6397.51123,6946.867676,7334.831055,7744.668457,7514.772461,7218.344727,6575.956055,6174.220215,5702.374512,4925.48291,4348.415527,3855.574219,3284.23877,2795.803711,2365.408447,1957.373535,1457.350464,1099.826172,775.267334,489.826965,243.420563,50.659512,0,0,0,0,0,0,0,0,0,0,0,0,0,0,0,0,0,0,0,0,0
0,0,0,0,0,0,0,0,0,0,0,0,0,0,0,0,0,0,0,0,0,0,0,0,1.355942,76.682083,278.314972,594.194702,890.418457,1180.547974,1563.586548,1920.052856,2221.733643,2613.423828,3068.546875,3249.605957,3475.301758,3654.114502,3754.93457,4116.512695,4409.86084,4493.902832,4447.87207,4611.650391,5010.175293,5209.593262,5110.780273,5194.408203,5032.369141,4893.932617,5022.827148,5093.448242,4803.532227,4326.959473,4297.804688,4167.957031,4026.758789,3854.889648,3537.636475,3426.4729,3282.087402,3158.907715,2915.711914,2853.826416,2875.508057,2659.283447,2525.311035,2221.970459,1969.889404,1458.955811,1130.002197,818.342773,502.304779,259.457733,80.099205,1.091199,0,0,0,0,0,0,0,0,0,0,0,0,0,0,0,0,0,0,0,0
0,0,0,0,0,0,0,0,0,0,0,0,0,0,0,0,0,0,0,0,0,0,0,0,14.806181,153.612015,461.416565,934.515808,1546.935547,2269.33374,3072.414795,3902.266602,4728.646973,5522.514648,6262.561523,6953.636719,7454.417969,7813.07373,7385.207031,7324.704102,6877.342773,6701.69873,6664.421875,6887.037598,6864.665039,7024.575684,6991.32959,6691.41748,5979.772461,5837.210938,6002.157227,6433.400391,6738.081543,7138.074219,7572.553223,7926.106445,7912.259766,7295.356445,6702.061035,6460.449219,6241.817383,5649.812012,5637.945801,6136.914551,5928.206543,5435.445312,4735.626953,3938.317383,3187.678711,2467,1815.751587,1199.638916,707.412659,349.343506,108.940033,2.973209,0,0,0,0,0,0,0,0,0,0,0,0,0,0,0,0,0,0,0,0
0,0,0,0,0,0,0,0,0,0,0,0,0,0,0,0,0,0,0,0,0,0,0,0,19.342907,163.370758,467.290222,883.060242,1422.15918,2069.59082,2792.074707,3571.528076,4363.055176,5123.349609,5846.838867,6493.274414,7121.086426,7694.442871,8188.644043,8513.03418,7557.947266,7378.114258,7209.108398,7042.529297,6972.021484,7247.867676,7233.428223,6672.416016,5721.694824,5779.992676,6234.303223,6672.647461,7002.681641,7746.038086,8201.80957,8779.381836,9144.40918,8865.367188,8152.494141,7942.305664,7739.524902,7313.096191,6826.115234,6261.106445,5657.94043,5013.381836,4327.489258,3711.419434,2976.500244,2276.209229,1644.503784,1109.296143,668.109253,348.940796,102.288223,5.091766,3.820575,4.006745,4.102035,4.112868,4.124348,4.128966,4.112853,4.106607,4.104535,0,0,0,0,0,0,0,0,0,0,0
0,0,0,0,0,0,0,0,0,0,0,0,0,0,0,0,0,4.10857,4.102168,4.105134,4.099391,4.119862,4.09957,4.091851,13.872869,160.825256,452.101257,802.542725,1206.122314,1681.751953,2236.27002,2829.585205,3460.119629,4098.490723,4741.917969,5406.651855,5967.213867,6543.037109,7053.408691,7559.222168,7925.664062,8317.511719,8703.734375,8978.109375,9029.867188,9148.735352,9320.212891,8126.825195,7151.826172,7048.067871,6822.378906,6979.20166,7080.061035,7554.230469,8373.783203,8503.044922,8235.519531,7941.302734,7671.418945,7354.929688,6827.811035,6513.365234,5995.330566,5617.986816,5059.15332,4443.512207,3845.510742,3258.606445,2586.434326,2023.099121,1464.274292,1009.568726,668.598999,378.292511,107.970741,5.013613,3.813596,4.039878,4.091984,4.098236,4.115504,4.104114,4.114771,4.144161,4.097852,0,0,0,0,0,0,0,0,0,0,0
0,0,0,0,0,0,0,0,0,0,0,0,0,0,0,0,0,4.105527,4.131016,4.09886,4.118673,4.117755,4.117997,5.348597,51.510689,187.697784,456.714478,782.335571,1153.767944,1597.890625,2093.231445,2633.602295,3148.647461,3684.763184,4103.795898,4562.789551,5238.893555,5961.158691,6582.524414,6976.223633,7456.384766,7846.726562,7996.891602,8038.732422,8168.729004,8050.974121,8005.763184,7887.178711,7796.73584,7568.508301,7159.583008,6954.457031,6705.107422,6828.111328,6578.193848,5980.757812,5569.111816,4982.938965,4648.388672,4475.269043,3739.965332,3159.422852,2828.494385,2092.503174,1822.894897,1498.542358,1102.174072,883.509827,779.237854,683.010132,563.909119,542.994385,429.94223,285.028931,133.566467,18.366276,0,0,0,0,0,0,0,0,0,0,0,0,0,0,0,0,0,0,0,0
0,0,0,0,0,0,0,0,0,0,0,0,0,0,0,0,0,0,0,0,0,0,0,0,24.152103,175.78006,452.283661,793.508789,1199.153442,1636.133667,2185.473633,2704.922852,3316.354492,3871.253418,4442.712402,5095.898926,5508.814453,6006.509766,6656.753906,7081.722656,7554.59375,7945.705566,8333.144531,8619.841797,8857.269531,8996.611328,8975.739258,9131.525391,8935.037109,8704.629883,8452.834961,8091.246094,7789.398438,7500.760742,7103.202148,6889.669922,6530.609375,6080.391113,5799.228516,5807.635254,5321.351562,5373.462891,4972.39502,4222.754395,3888.747559,3289.49292,2842.678711,2605.981201,2050.613281,1596.390259,1187.086914,842.838684,585.648193,326.34964,117.629196,4.024477,0,0,0,0,0,0,0,0,0,0,0,0,0,0,0,0,0,0,0,0
0,0,0,0,0,0,0,0,0,0,0,0,0,0,0,0,0,0,0,0,0,0,0,4.625793,61.699795,262.933868,576.998535,986.491394,1496.53479,2093.531494,2764.129883,3500.114746,4253.050781,4978.756836,5670.600586,6317.445312,6936.130371,7491.007324,7930.506836,7676.785156,7429.848633,6944.638672,6538.860352,6124.423828,5781.672852,5875.945801,5206.26709,4474.183594,3977.258301,4115.399414,4393.928711,4686.75293,4846.637695,5582.012695,6042.19043,6896.425781,6969.741211,7466.710449,7550.611328,7235.748535,6791.141602,5984.465332,5625.179688,5341.75293,4942.250977,4334.367676,3819.743652,3356.047363,2810.606934,2175.727783,1567.786865,1141.106445,650.347168,370.697266,157.05069,14.575407,0,0,0,0,0,0,0,0,0,0,0,0,0,0,0,0,0,0,0,0
0,0,0,0,0,0,0,0,0,0,0,0,0,0,0,0,0,0,0,0,0,0,0,0.476784,45.653469,256.57312,549.778503,942.565247,1341.250854,1807.17627,2408.891602,2943.619385,3593.96875,4170.095703,4669.747559,5150.600586,5684.808594,6247.356445,6719.763672,6818.304688,6911.058105,6839.196289,6742.947754,6981.500488,7218.37793,7410.186035,7382.834473,7489.462891,6762.878418,6707.801758,6601.558105,6087.659668,5598.413574,5182.709961,5069.462402,4711.143555,4470.115234,4737.251465,4235.942383,3486.890381,3312.215088,2938.619873,2858.63916,2559.049072,2127.473633,1986.684448,1781.563721,1611.418701,1374.004272,1141.953125,914.830933,717.665771,463.528229,278.352844,113.935974,14.649168,0,0,0,0,0,0,0,0,0,0,0,0,0,0,0,0,0,0,0,0
0,0,0,0,0,0,0,0,0,0,0,0,0,0,0,0,0,0,0,0,0,0,0,0.094625,44.703693,271.232422,560.075073,1011.387573,1548.298584,2105.002197,2640.209961,2164.960449,2022.336182,2310.656006,2798.057617,2770.140381,2552.196533,2420.385986,2398.803467,2025.95874,1899.719727,1827.865234,1707.308594,1748.818115,1751.494751,1822.213623,1821.698975,1716.673096,1280.470459,1227.125732,1572.760986,1532.804077,1534.064697,1940.247681,2231.789795,2558.376953,2758.660156,2776.946777,3024.927246,3021.379883,3078.399902,2754.798584,2417.172852,2440.755127,2427.227539,2647.364014,2702.195312,2789.208008,2488.257568,2030.433594,1521.922852,1057.122559,676.956177,375.110962,159.399292,19.528236,0,0,0,0,0,0,0,0,0,0,0,0,0,0,0,0,0,0,0,0
0,0,0,0,0,0,0,0,0,0,0,0,0,0,0,0,0,0,0,0,0,0,0,0.137187,55.544041,191.405487,437.360443,873.136719,1417.563477,1988.613159,2581.94751,3167.280273,3725.991211,4308.217773,4896.776855,5432.80957,6009.60498,6238.086426,5820.521484,5961.810059,5412.379395,5255.739258,5099.591309,4955.567871,4946.918457,5299.512695,5286.553711,4945.333496,4352.631836,4902.506836,5127.766113,5465.586914,5541.234863,5827.276367,5933.184082,5854.963867,6138.986328,6121.333008,6128.741699,5936.833496,5848.469727,5215.40332,4973.239258,4799.541504,4408.152832,4032.443115,3317.635254,2823.921631,2294.080811,1942.502197,1487.344116,1044.667725,657.559692,409.797455,182.583298,23.523962,0,0,0,0,0,0,0,0,0,0,0,0,0,0,0,0,0,0,0,0
0,0,0,0,0,0,0,0,0,0,0,0,0,0,0,0,0,0,0,0,0,0,0,10.126264,108.11702,347.750366,658.849121,1065.677979,1618.703613,2271.414795,2889.972656,3532.330078,4147.397949,4834.440918,5461.849609,5973.990723,6473.374023,6653.192383,6419.297852,6301.052734,5838.536133,5639.43457,5324.064453,5148.492188,4943.299805,5029.69043,5048.272461,4525.296387,3814.484375,3750.338135,4065.411621,4298.47998,4507.283691,5073.458008,5313.570312,6060.306641,6283.32959,6307.527344,6127.859375,6163.513184,6412.266602,6276.46582,6183.562012,5950.563477,5635.242676,5085.887207,4472.96875,3823.542969,3143.282227,2467.093994,1835.1427,1273.316406,802.774292,452.837646,196.983292,32.271107,0,0,0,0,0,0,0,0,0,0,0,0,0,0,0,0,0,0,0,0
0,0,0,0,0,0,0,0,0,0,0,0,0,0,0,0,0,0,0,0,0,0,0,14.688972,136.479034,380.270355,715.60022,1173.999512,1726.123047,2391.642578,3056.924072,3685.737061,4332.914551,4939.694824,5528.919922,6190.370117,6703.913086,7211.750488,7559.241211,7813.310547,7666.006836,7193.710938,6807.592285,6468.714844,6206.776367,6147.847656,5878.662109,5221.179199,4667.630371,4804.813477,5244.778809,5716.431641,6119.918945,6792.320801,7032.914551,7088.16748,7213.5625,7081.28418,6814.924316,6234.582031,5910.060547,5626.861328,5260.158203,4478.964844,3998.599121,3610.444824,2938.115479,2411.564697,2018.305176,1693.64563,1385.649414,1125.945312,802.3927,494.072937,241.161163,58.305523,0,0,0,0,0,0,0,0,0,0,0,0,0,0,0,0,0,0,0,0
0,0,0,0,0,0,0,0,0,0,0,0,0,0,0,0,0,0,0,0,0,0,0,15.59374,121.95015,342.425201,571.654358,894.004822,1309.074585,1799.022217,1986.365845,2388.356201,3160.005127,4013.618164,4629.618652,5208.958496,5737.581543,6246.044434,6684.460938,7067.630371,7482.108398,7821.23877,8076.862793,8278.880859,8579.667969,8750.28418,8660.503906,7620.022461,6649.094727,6830.658203,7339.15332,7700.773438,7902.039551,8365.817383,8291.80957,7877.946289,7543.35498,6978.707031,6518.444824,5934.311523,5363.630371,4677.209961,4363.802734,4284.70752,4062.881104,3754.30957,3047.402344,2674.072021,2253.285889,1718.208252,1218.468262,903.995789,639.603394,322.772675,138.778107,20.88619,0,0,0,0,0,0,0,0,0,0,0,0,0,0,0,0,0,0,0,0
0,0,0,0,0,0,0,0,0,0,0,0,0,0,0,0,0,0,0,0,0,0,0,2.016409,61.5163,268.943756,519.690002,841.659973,1161.00061,1606.384399,2026.236816,2556.679932,3251.633789,3896.064941,4525.262695,5134.310547,5715.595703,6282.898438,6749.094727,7187.034668,7569.194824,7937.077148,8227.552734,8448.064453,8649.339844,8770.783203,8573.397461,7970.500977,7109.287109,7151.474609,7258.650391,7695.054688,7755.980957,8345.908203,8366.672852,7955.867188,7383.379395,7123.835938,6665.084961,6280.5625,5960.944336,5430.902344,4885.506836,4462.749023,3700.971191,3308.710938,2872.452637,2281.000977,1845.026367,1449.946289,1096.337158,788.175781,491.29718,243.381592,110.391953,3.876555,0,0,0,0,0,0,0,0,0,0,0,0,0,0,0,0,0,0,0,0
0,0,0,0,0,0,0,0,0,0,0,0,0,0,0,0,0,0,0,0,0,0,0,1.523931,85.663872,283.477997,592.593567,926.160217,1088.5802,1158.834473,1428.220337,1841.619873,2292.449219,2465.333496,2728.990967,3298.240967,3673.095703,3496.875977,3397.925781,3688.117676,3577.794434,3337.669189,3189.599121,2860.6875,2905.667969,3094.200439,2853.092285,2818.726807,2782.936279,2490.790283,2193.937988,2008.479248,1884.915039,1743.155151,1614.814697,1536.067749,1296.895508,1146.790405,935.356201,820.685608,1028.584229,1091.082397,797.249207,665.619141,588.584778,523.732361,356.543945,291.215363,246.720917,238.974396,198.454865,136.786896,65.493904,27.232449,12.422416,1.477585,0,0,0,0,0,0,0,0,0,0,0,0,0,0,0,0,0,0,0,0
0,0,0,0,0,0,0,0,0,0,0,0,0,0,0,0,0,0,0,0,0,0,0,8.139535,135.757095,438.751648,784.799072,1228.178223,1763.475098,2367.003662,2987.256348,3673.519775,4376.114258,5092.510742,5871.655273,6642.386719,7305.705566,7769.6875,8221.273438,8639.941406,9013.272461,9335.8125,9550.992188,8739.664062,8733.634766,8729.736328,8399.365234,7623.530273,6222.883789,6727.671875,6816.31543,6896.058594,6261.352539,6961.80127,7851.131348,8563.760742,8853.435547,9056.681641,8727.775391,8165.541992,7859.666992,7579.414062,6790.417969,6366.765137,5713.992676,5133.586914,4445.949219,3798.33252,3176.012451,2569.759277,1925.125854,1386.189209,902.863403,530.37439,262.254089,50.104012,0.023231,0,0,0,0,0,0,0,0,0,0,0,0,0,0,0,0,0,0,0
0,0,0,0,0,0,0,0,0,0,0,0,0,0,0,0,0,0,0,0,0,0,0.224798,38.025944,202.320862,464.431763,767.78717,1170.36853,1608.610596,2132.899414,2658.655762,3128.768799,3643.293701,4249.638184,4799.134277,5347.01709,5781.856445,6338.76709,6677.679199,6580.591797,6354.045898,6147.297852,5796.785156,5560.462891,5350.570801,5523.758301,5270.169922,4684.231934,3956.770508,4302.187988,4462.67334,4767.112305,4734.861816,5304.295898,5504.854004,6020.492188,6043.071289,6282.716797,6117.818359,5936.480957,6240.793945,5872.089355,5986.097656,5746.882324,5141.351562,4502.487793,3976.876709,3341.126709,2693.218506,2021.416382,1428.771362,1018.078308,697.504395,406.119019,202.311874,34.722134,0,0,0,0,0,0,0,0,0,0,0,0,0,0,0,0,0,0,0,0
0,0,0,0,0,0,0,0,0,0,0,0,0,0,0,0,0,0,0,0,0,0,0.047893,29.504436,172.101074,390.414612,634.259705,953.695496,1334.751953,1662.584961,2084.38623,2664.322266,3128.694336,3660.455078,3947.101562,4179.628906,4331.808105,4307.310547,4259.27002,3988.668457,4151.927246,3911.887939,3868.805176,3855.452637,3845.940186,3750.734619,3358.885254,2951.881348,2562.638184,2461.926758,2545.470215,2387.301025,2217.925537,1911.471436,1677.624634,1417.018799,1162.163086,1083.360107,1120.354004,981.039795,965.57019,979.376221,1023.60199,1011.096008,977.498413,914.226135,831.545166,732.664001,626.809937,603.526245,553.702637,471.725281,344.032532,224.59288,116.94632,33.02182,1.470164,0,0,0,0,0,0,0,0,0,0,0,0,0,0,0,0,0,0,0
0,0,0,0,0,0,0,0,0,0,0,0,0,0,0,0,0,0,0,0,0,0,2.55426,70.350853,277.378357,548.351013,935.723511,1453.693237,2101.672852,2833.810059,3647.591797,4406.839355,5115.948242,5746.609375,6457.931152,7096.686523,6932.491699,6520.524414,6124.407227,5568.879395,5355.729492,5022.183105,5011.540527,4956.631836,5023.475586,5702.541504,5269.668945,4934.30127,4094.155273,4459.472656,4757.42334,5183.16748,5419.129883,6398.529785,6715.945312,7687.13916,7852.622559,7498.802246,7129.763672,7066.72168,6872.833008,7029.199707,6887.62207,6374.56543,5832.398926,5107.726074,4551.763672,3778.724609,3172.010254,2551.164062,1930.527588,1392.484253,918.875366,579.046692,303.313263,82.955185,1.079329,0,0,0,0,0,0,0,0,0,0,0,0,0,0,0,0,0,0,0
0,0,0,0,0,0,0,0,0,0,0,0,0,0,0,0,0,0,0,0,0,0,5.262629,92.390175,325.843597,639.154663,1056.693359,1584.54126,2209.44751,2903.919922,3644.995605,4410.733887,5107.427734,5778.759277,6451.091309,7024.255859,7459.115723,7932.843262,7594.352051,7701.870117,7369.69873,7270.067383,7215.515625,6995.525391,6944.249512,6907.273438,6819.638672,6355.047852,5362.099609,5778.450684,6088.520508,6692.143555,7235.524902,7980.812012,8103.394531,8284.274414,8224.080078,7582.112305,7399.523926,7552.891602,7460.297852,7081.416992,6608.861816,6185.519043,5706.983398,5185.560547,4556.887207,3746.891113,3040.021484,2463.385254,1874.838745,1409.143066,967.258484,598.768494,306.004089,112.349358,3.935272,0,0,0,0,0,0,0,0,0,0,0,0,0,0,0,0,0,0,0
0,0,0,0,0,0,0,0,0,0,0,0,0,0,0,0,0,0,0,0,0,0,10.171958,111.648918,345.656555,664.859192,1102.771484,1684.873657,2390.938477,3121.719971,3960.201172,4719.260254,5447.060547,6148.199707,6815.115723,7314.832031,7746.094727,7165.681641,7295.569824,7041.638672,6865.526367,7025.012207,6850.432129,6810.44043,6685.98291,6904.267578,6502.097656,6040.90918,5254.432617,5262.563965,5507.879883,5698.743164,5631.344727,6314.757812,6752.071289,7291.756836,7504.67334,7834.147949,7638.066406,6569.201172,6687.803223,6592.594727,6277.180664,6525.717285,6077.286133,5833.76709,5170.938477,4487.652832,3692.679932,2957.737549,2249.524414,1615.022583,1078.252441,668.311096,378.357422,149.247894,10.499296,0,0,0,0,0,0,0,0,0,0,0,0,0,0,0,0,0,0,0
0,0,0,0,0,0,0,0,0,0,0,0,0,0,0,0,0,0,0,0,0,0,10.848639,111.478348,328.935181,639.048157,1055.174072,1585.453979,2218.395264,2935.361816,3718.735596,4476.047363,5205.827637,5881.48291,6529.941406,7147.990234,7545.744141,8050.308594,8315.246094,7830.981934,7395.498047,7110.758789,6744.041016,6553.990234,6367.040039,6617.115723,6336.198242,5798.15918,4748.990234,4978.547852,5254.156738,5595.316406,5938.78418,6427.501465,6866.816406,7325.066895,7679.742188,7691.786621,7195.612305,6574.227539,6484.635254,6319.743164,6161.776855,5934.780273,5516.178223,5153.492676,4496.115723,3800.878662,3147.065918,2529.714355,1935.502197,1416.398193,963.769104,617.105469,323.902771,107.172638,2.810089,0,0,0,0,0,0,0,0,0,0,0,0,0,0,0,0,0,0,0
0,0,0,0,0,0,0,0,0,0,0,0,0,0,0,0,0,0,0,0,0,0,11.107091,106.695831,327.019897,586.268616,909.275146,1296.101807,1717.838013,2104.427979,2579.968506,3186.196289,3737.463135,4275.502441,4671.127441,5172.005371,5620.303711,6026.491699,6473.345215,6825.851562,7271.260742,7681.112305,7655.822266,7655.575684,7488.213379,7456.245605,7262.093262,7151.830078,6507.466797,6639.51123,6822.453613,7136.623535,6922.68457,6499.257812,6337.438965,5887.813477,5593.124512,5292.510742,4952.70166,4422.777344,4203.453125,3865.316406,3078.667969,3019.549561,2710.797363,2405.385254,1990.724487,1800.514038,1387.81189,1114.137451,842.80481,627.668518,459.404297,295.992157,147.391678,31.174381,0,0,0,0,0,0,0,0,0,0,0,0,0,0,0,0,0,0,0,0
0,0,0,0,0,0,0,0,0,0,0,0,0,0,0,0,0,0,0,0,0,0,0,13.493475,136.681335,293.123962,460.599304,672.323059,960.853149,1244.354004,1606.869873,1993.501709,2364.583496,2663.218262,2906.774658,3197.399902,3505.890625,3911.54541,4584.034668,5052.503418,5734.445312,6577.291992,6651.017578,6517.930176,6209.053223,6356.814453,6376.820801,6151.404785,5134.828125,5380.456055,5362.745605,5381.374023,5403.484863,5751.691406,6064.073242,6646.117676,6719.533691,7083.942383,6968.842773,7197.609863,7198.256836,6770.835449,6461.025879,5973.349609,5307.865723,4893.184082,4490.818848,3880.17334,3191.666992,2620.406006,2106.572754,1600.374756,1111.375854,737.15802,439.546997,198.908981,19.571096,0,0,0,0,0,0,0,0,0,0,0,0,0,0,0,0,0,0,0
0,0,0,0,0,0,0,0,0,0,0,0,0,0,0,0,0,0,0,0,0,0,21.238316,161.714401,411.23996,736.792114,1195.215576,1769.227539,2446.4375,3185.309326,3946.651855,4686.381836,5419.613281,6061.719238,6730.55127,7232.932617,7697.375,8174.44043,8579.984375,8944.097656,9299.293945,8837.817383,7463.670898,7393.455566,7078.375,6977.588867,6727.385742,6000.111328,4896.248535,5255.978516,5636.32959,6119.307129,6001.082031,6863.765625,7275.560547,7607.689453,8047.396484,7960.193359,7493.594727,7369.779297,7385.094727,7161.384277,6998.903809,6446.933594,6111.902344,5655.856934,4980.748047,4333.041992,3620.532471,2928.055908,2202.394531,1603.498779,1129.652954,701.296265,381.772888,171.775833,21.095093,0,0,0,0,0,0,0,0,0,0,0,0,0,0,0,0,0,0,0
0,0,0,0,0,0,0,0,0,0,0,0,0,0,0,0,0,0,0,0,0,0,28.957787,174.857544,470.029938,853.627502,1248.555176,1706.244995,2161.950439,2746.186523,3345.727783,3982.155762,4584.880859,5407.398926,6253.30957,6997.840332,7554.564941,7827.789551,8023.240234,7560.973633,7450.287598,7057.517578,6798.910156,6607.731445,6257.476562,6233.832031,6131.997559,5399.448242,4314.905273,4559.259766,4987.522949,4910.29541,5146.026367,5710.83252,6058.978516,6693.92041,6684.567383,7000.205078,6331.337891,6488.691406,6327.304688,5871.574219,5707.361328,5477.484375,5269.44873,5095.59668,4698.42334,4010.773926,3363.699463,2645.492676,2049.17749,1508.760254,1082.489136,725.40686,450.598022,202.982483,27.834375,0,0,0,0,0,0,0,0,0,0,0,0,0,0,0,0,0,0,0
0,0,0,0,0,0,0,0,0,0,0,0,0,0,0,0,0,0,0,0,0,0,8.529248,116.99321,280.190216,505.516785,747.297424,1010.632202,1337.302246,1729.402588,2110.41333,2534.16748,2959.286865,3391.144043,3851.885986,4351.6875,4890.823242,5389.606445,5942.129883,6473.694824,6867.441406,7307.418945,7555.615234,7820.682617,7873.020996,8190.168457,8177.761719,7699.491699,6581.285645,6997.839844,6928.585449,6434.613281,5952.998047,5582.707031,5385.104492,4982.197754,4684.176758,4325.327148,4145.068359,4170.525879,4504.445312,4302.437012,3595.236816,3015.378662,2603.013428,2254.333008,2030.258545,1662.142334,1414.540771,1298.019653,1052.370483,778.383911,530.136536,403.154541,308.937714,162.936707,57.280792,2.611857,0,0,0,0,0,0,0,0,0,0,0,0,0,0,0,0,0,0
0,0,0,0,0,0,0,0,0,0,0,0,0,0,0,0,0,0,0,0,0,0.067704,35.546616,198.056091,458.94809,825.45282,1330.801636,1884.866211,2526.733887,3073.786865,3612.326904,4365.293457,5013.509766,5407.205078,5919.73584,6721.21875,6529.188477,6036.635254,5564.575195,4936.211914,4516.789062,4064.306885,4032.455078,4052.668457,4394.379883,4540.718262,4415.90918,4271.749023,3587.365967,4287.373535,4525.177734,5064.638672,5324.256348,5949.400391,6245.558105,6214.09082,6173.398438,6066.527832,5623.897461,4984.825195,4587.541992,4079.85083,4356.71875,4726.202148,4791.072754,4322.866211,3888.192871,3742.025879,3170.144531,2523.436035,1928.985596,1482.006836,1052.212402,639.791626,343.68866,123.516747,12.891348,0,0,0,0,0,0,0,0,0,0,0,0,0,0,0,0,0,0,0
0,0,0,0,0,0,0,0,0,0,0,0,0,0,0,0,0,0,0,0,0,0,9.296276,101.65274,292.332245,512.544739,816.06311,1128.697998,1518.75647,1663.260742,2378.543457,3036.298828,3232.730713,3955.356934,4204.033203,4943.942871,5691.459473,6361.728516,7288.543945,7873.651855,8243.006836,8646.03125,8733.605469,9152.859375,9341.039062,8577.824219,7536.869141,6608.374023,5191.4375,4853.580078,5054.71582,5089.367188,5053.874023,5223.791992,5248.198242,5815.930664,6048.566406,5584.121094,5238.216797,4997.830566,4439.743652,3962.503906,3182.071533,2698.943359,2270.583008,2140.731201,1806.686768,1467.738892,1140.922119,926.261841,844.199707,658.714539,517.611206,316.732544,197.418106,108.352707,20.394711,0,0,0,0,0,0,0,0,0,0,0,0,0,0,0,0,0,0,0
0,0,0,0,0,0,0,0,0,0,0,0,0,0,0,0,0,0,0,0,0,1.309598,51.088238,226.943924,482.869232,822.544678,1279.291382,1857.543579,2533.170898,3223.55127,3987.074951,4701.298828,5033.28125,5003.594238,4868.071289,4416.396973,3790.482666,3693.662109,3526.906494,3280.216309,3171.423096,3415.629395,3332.607422,3251.693115,3115.566406,3439.934082,3659.840576,3394.539795,2753.4375,3266.941895,3520.078613,4046.911865,4124.57959,4481.055664,5036.640625,5730.022949,6329.416016,6018.589355,5249.898438,4685.083984,4187.950684,3768.106445,3715.985352,3628.60791,3489.720215,3286.857422,3240.095459,3709.85083,3351.231201,2946.534668,2291.819336,1703.194824,1188.438477,721.820312,419.425873,211.411026,36.238586,0,0,0,0,0,0,0,0,0,0,0,0,0,0,0,0,0,0,0
0,0,0,0,0,0,0,0,0,0,0,0,0,0,0,0,0,0,0,0,0,0.662469,58.590302,260.08963,555.508545,914.835815,1318.178711,1797.587524,2446.618652,2987.936523,3618.302979,4190.393555,4648.185547,5244.206055,5761.950684,6422.807617,6866.03125,7067.839355,7130.31543,7400.119141,7564.022461,6531.027832,6188.431641,6181.555664,5812.274414,6079.453613,6103.389648,5775.104004,5203.449219,5257.835938,5051.09375,4771.238281,5098.172852,6347.884277,7275.311523,7924.492188,7082.24707,7750.032715,7384.968262,6857.223633,6184.517578,5681.912598,5182.674316,4542.23291,4192.755859,3519.736084,2828.694336,2311.506104,1875.949951,1356.948364,1010.061035,683.615173,450.12561,268.223938,118.166527,29.562576,0,0,0,0,0,0,0,0,0,0,0,0,0,0,0,0,0,0,0,0
0,0,0,0,0,0,0,0,0,0,0,0,0,0,0,0,0,0,0,0,0,0,1.680619,86.690872,267.39978,539.663208,887.292542,1290.776733,1680.551147,2050.068115,2433.98999,2871.128418,3342.939209,3842.30127,4334.055176,4804.262695,5259.87793,5660.87207,6061.675293,6444.613281,6769.894531,6935.193359,7042.801758,7043.384277,6966.320312,6672.603027,6586.199219,6536.786133,6373.874023,6232.976562,6122.589844,6256.107422,6433.225098,5866.778809,5365.243652,4857.055664,4191.982422,3928.308594,3604.205322,3210.451172,3069.441406,2977.273926,2416.94458,1824.791016,1484.606201,1589.645996,1772.240723,1588.501709,1367.317383,1160.285522,930.626221,725.258179,554.447388,348.577393,206.783875,118.0597,42.346867,0,0,0,0,0,0,0,0,0,0,0,0,0,0,0,0,0,0,0
0,0,0,0,0,0,0,0,0,0,0,0,0,0,0,0,0,0,0,0,0,0,29.594559,200.287079,448.259277,769.307861,1187.407227,1641.648193,2213.467773,2842.780518,3446.478516,4068.588379,4750.757812,5180.789062,5766.571777,6310,6843.24707,7330.229492,7750.522461,7996.830566,7318.561523,6340.753906,5601.197266,5623.581055,5704.305664,5428.933594,5289.000977,4878.183594,3718.038574,4133.545898,5112.397949,5740.097656,5693.221191,6214.782227,6800.960938,7498.20459,7896.002441,8002.684082,7761.603516,7356.40332,6871.618164,6608.756836,6444.348633,6090.066406,5546.162598,4973.759766,4414.970703,3744.431152,3103.655029,2621.150635,2103.804688,1694.739502,1197.272339,747.381958,474.141235,251.23909,53.796738,1.132409,0,0,0,0,0,0,0,0,0,0,0,0,0,0,0,0,0,0
0,0,0,0,0,0,0,0,0,0,0,0,0,0,0,0,0,0,0,0,0.010851,30.773802,125.666168,191.918777,310.397736,523.057251,781.850464,930.892273,1152.362549,1325.273682,1515.238892,1673.419556,1828.812378,1971.474854,2241.050537,2560.531738,3045.554443,3429.464355,3616.496094,3981.824951,4674.285156,5178.995117,5079.125,4657.37793,4543.61377,4736.950684,4804.060547,4544.422363,4268.918945,5633.878906,6107.233398,5920.136719,5313.464355,5235.418457,4792.399414,4559.890625,4479.702148,4430.249512,4108.427734,3735.994141,3538.69873,3374.40332,3139.917969,2785.33252,2658.55127,2396.734863,2155.171875,1831.069336,1682.907227,1429.443237,1223.012695,943.512939,787.702881,560.006348,363.413452,180.361496,33.190323,0,0,0,0,0,0,0,0,0,0,0,0,0,0,0,0,0,0,0
0,0,0,0,0,0,0,0,0,0,0,0,0,0,0,0,0,0,0,0,0,0,27.668083,126.737,288.212311,476.684387,681.837219,907.761414,1121.191406,1391.291626,1702.282959,1971.24585,2230.751221,2529.571777,2666.957275,2930.906494,3263.803955,3567.223389,3805.444092,4064.716064,4081.776855,4035.361328,4090.768066,3984.60083,3860.879395,4054.314453,4044.654541,3855.65918,3873.206787,3865.449951,3818.015137,3895.814453,3856.526123,3982.651123,4000.680664,3907.801758,3618.718994,3477.412842,3195.447021,2845.739502,2649.637695,2449.155518,2419.523926,2315.579834,2311.639404,2116.968506,1869.387695,1565.168335,1331.5,1134.983765,960.065369,775.090576,604.00354,423.723358,269.064758,123.016876,22.590715,0,0,0,0,0,0,0,0,0,0,0,0,0,0,0,0,0,0,0
0,0,0,0,0,0,0,0,0,0,0,0,0,0,0,0,0,0,0,0,0,0,9.605165,40.875732,104.648643,161.964294,237.789597,307.406342,399.012421,505.134338,623.581543,792.633606,953.081299,962.766052,1028.395752,1007.097961,1044.731445,1079.786743,1126.198975,1139.351196,1191.213501,1216.869385,1228.382812,1284.784302,1415.363892,1417.27063,1461.312744,1591.171387,1685.791016,1827.726929,1975.55896,2075.50293,2149.723145,2238.521973,2163.263672,2045.424438,2089.17041,2164.105713,2272.068359,2275.539062,2108.329102,1952.213135,1679.607422,1584.971436,1373.23999,1149.354614,978.193726,886.969849,747.746216,668.706238,516.929688,376.264435,225.381042,146.800034,81.572105,20.773964,1.461684,0,0,0,0,0,0,0,0,0,0,0,0,0,0,0,0,0,0,0
0,0,0,0,0,0,0,0,0,0,0,0,0,0,0,0,0,0,0,0,0,5.258238,81.9338,303.30603,589.295532,940.588806,1375.37915,1838.237793,2395.536865,3023.962402,3697.163086,4380.584473,3849.728027,3523.13916,2735.675781,2309.950928,1713.261475,1749.124878,1529.408325,1457.616455,1225.060791,1234.309326,1118.042358,1129.598999,1665.859985,1771.338989,1910.553589,1589.417603,1144.599243,1399.096924,1547.532227,1694.60791,1706.96167,2156.690186,2211.312988,3054.43042,3015.84375,3242.517822,3224.234375,3285.10498,3266.241211,3203.629395,3266.997314,3645.798828,3664.716553,3213.223877,3376.870605,3569.282959,3324.390625,2846.672363,2266.240967,1726.496704,1216.631226,827.411987,540.558777,299.735077,116.062714,8.855779,0,0,0,0,0,0,0,0,0,0,0,0,0,0,0,0,0,0
0,0,0,0,0,0,0,0,0,0,0,0,0,0,0,0,0,0,0,0,0,14.38771,134.804611,345.746307,613.627075,972.968445,1439.331665,1911.7677,2562.681152,3282.470703,3973.162354,4671.346191,4390.726074,3802.398926,3267.542236,2302.57959,2077.466797,1880.479492,1710.266235,1756.029175,1504.936401,1498.188354,1537.378174,1228.782227,1213.319336,1648.363892,1604.040283,1352.560547,1161.015869,1236.716064,1315.248779,1464.7229,1587.567139,1992.789795,2347.647217,2993.064453,3397.699463,3560.486816,3655.901611,3668.405273,3555.547363,3250.800293,3068.91748,3323.612061,3371.591553,2994.388916,3251.71875,3259.749756,3283.822754,2757.925293,2215.023682,1619.589355,1180.944946,796.484985,523.633057,290.716064,102.395584,3.990403,0,0,0,0,0,0,0,0,0,0,0,0,0,0,0,0,0,0
0,0,0,0,0,0,0,0,0,0,0,0,0,0,0,0,0,0,0,0,0,21.771521,144.686096,382.681885,662.616272,969.363953,1355.826172,1897.018066,2492.185547,3032.641113,3266.737549,3675.807617,4257.427734,5073.041992,5523.210449,5240.665527,4848.743164,4984.104492,4581.012695,4061.754883,3822.269043,3806.931885,3493.557617,3284.154785,3163.695801,3056.083496,2870.845215,2460.297852,1939.440796,2303.434082,2514.735352,2858.442871,2910.950195,3339.95459,3298.555176,4242.841309,4502.198242,4405.216797,4498.291016,4066.395752,3955.956299,3679.336914,3843.296387,4066.290527,4058.430176,3802.918945,4500.68457,3824.041016,3438.168945,2602.794434,2121.686523,1455.691284,1119.116577,777.528931,462.778625,256.891144,75.830597,1.930382,0,0,0,0,0,0,0,0,0,0,0,0,0,0,0,0,0,0
0,0,0,0,0,0,0,0,0,0,0,0,0,0,0,0,0,0,0,0,0,20.879341,162.73468,408.073761,741.955017,1037.814819,1392.083862,1840.504272,2287.319336,2762.060059,3420.672852,3936.290039,4513.502441,5047.697266,5687.941406,6147.952148,6592.617188,6985.957031,7378.461914,7714.5,8024.59375,6936.441406,5708.821777,5082.501465,4601.890625,4949.870117,4716.099121,4207.503906,3414.856201,4324.115723,4222.638672,4161.825195,4083.130127,4472.910156,4753.483887,5273.141602,5672.342773,5414.085449,6475.058105,6692.916504,6967.203613,6338.519043,6306.034668,5875.73877,5425.99707,4857.614746,4264.480957,3733.564697,3216.754395,2625.457764,2050.336182,1598.65918,1221.437256,887.890869,592.727356,317.320007,113.22683,5.242286,0,0,0,0,0,0,0,0,0,0,0,0,0,0,0,0,0,0
0,0,0,0,0,0,0,0,0,0,0,0,0,0,0,0,0,0,0,0,0,3.814284,50.192268,168.551758,311.889496,489.647736,720.230713,948.274475,1243.842773,1589.623779,2015.519897,2358.674805,2916.352295,3602.76001,4156.332031,4654.333984,5194.61084,5557.605469,6138.888672,6397.018555,6877.134766,7046.609375,7020.292969,7125.489746,6970.048828,6647.610352,6374.09668,5504.586426,4140.187988,4257.509277,4162.818848,4260.369629,3982.436035,4381.601074,4258.182617,4963.35498,5402.125,5443.085449,5500.86377,5627,5611.410156,5358.804688,5320.961914,5384.803711,4996.083496,4611.303711,4024.059326,3584.307129,3059.848145,2685.760254,2102.86377,1640.169922,1240.237183,1020.983887,682.439148,446.063232,193.029022,20.687403,0,0,0,0,0,0,0,0,0,0,0,0,0,0,0,0,0,0
0,0,0,0,0,0,0,0,0,0,0,0,0,0,0,0,0,0,0,0,1.742572,41.246952,214.362534,461.858887,784.023743,1123.510254,1583.099976,2064.54248,2574.677002,3161.353516,3848.277588,4468.322266,5092.481934,5511.162109,6045.230957,5864.62793,5527.397949,5294.624023,5019.412598,4610.271484,4174.150391,4245.68457,3887.456543,3578.794922,3474.590576,3461.085693,3331.191406,2759.062744,2223.70874,2888.696533,3151.780029,3439.930664,3545.137695,4027.030762,4385.228516,4819.620117,5291.522949,5326.725586,5580.887695,5590.544922,5519.548828,5262.317383,5109.65332,5210.425293,4883.082031,4728.702148,4351.671387,3943.25293,3398.16626,2838.172119,2240.893066,1788.694824,1312.841064,983.316956,675.265747,407.569397,184.06459,24.875013,0,0,0,0,0,0,0,0,0,0,0,0,0,0,0,0,0,0
0,0,0,0,0,0,0,0,0,0,0,0,0,0,0,0,0,0,0,0,0.143124,28.442257,163.58017,379.352356,639.496765,964.145569,1356.737793,1824.723145,2348.340088,2917.353516,3502.996582,4081.966309,4584.24707,5127.288574,5673.57959,5592.521484,5186.314453,4963.854492,4969.768555,4671.822754,4493.325195,4255.612305,4191.102539,4111.405273,4064.259277,4154.345215,3736.087891,3571.381348,3019.708984,3561.266846,3648.699951,3837.078369,3856.473389,4574.856934,4621.524414,5009.116699,5486.431152,5721.614746,5752.78418,5264.094727,4599.391113,4210.084961,4317.231445,4230.237305,4291.00293,3960.636963,3233.261963,2861.821777,2387.053223,1766.399414,1505.065552,1225.464111,980.520752,752.742798,578.934082,366.410461,140.524338,17.860374,0,0,0,0,0,0,0,0,0,0,0,0,0,0,0,0,0,0
0,0,0,0,0,0,0,0,0,0,0,0,0,0,0,0,0,0,0,0,0,19.745686,156.273499,379.171478,631.377686,926.303345,1292.320068,1802.365723,2424.028809,3087.338867,3782.062744,4496.738281,4764.625,4675.032227,4453.910645,3990.740234,3554.403809,3258.05127,2800.629395,2700.738281,2281.402344,2126.895996,2076.658203,1903.849487,1691.147095,1969.437744,1640.126465,1356.486938,939.309448,1068.827393,1407.937866,1625.436768,1821.348022,2157.148926,2324.524658,2924.604492,3199.133789,3384.084473,3260.357666,3207.7771,3187.850098,2932.995117,3310.04834,3369.960938,3695.58252,3497.011719,3586.871582,3591.794434,3514.107178,3092.731445,2446.546387,1939.596191,1414.0354,997.064819,679.089478,422.609406,202.919739,30.359236,0,0,0,0,0,0,0,0,0,0,0,0,0,0,0,0,0,0
0,0,0,0,0,0,0,0,0,0,0,0,0,0,0,0,0,0,0,0,0.134431,30.706255,183.618256,449.095367,654.462524,1021.386841,1411.348511,1860.161865,2409.996094,2909.442383,3355.755371,4267.289062,4914.894531,5591.044434,6033.677246,5315.777832,4530.826172,3671.258057,3113.855713,2664.606689,2360.506348,2322.802979,2118.682861,1833.72876,1801.141968,1947.038086,1900.551514,1612.666626,1136.71814,1559.452881,1753.531006,2244.005859,2082.419922,2395.771973,2581.55542,3152.930176,3441.460205,3458.396484,3530.988281,3498.333496,3522.293213,3756.248779,4008.476074,4157.165039,4310.871582,4718.060547,4376.144043,3950.535645,3297.010742,2678.268555,2164.019531,1686.086304,1240.13855,889.826721,577.618042,310.611725,109.410889,7.740219,0,0,0,0,0,0,0,0,0,0,0,0,0,0,0,0,0,0
0,0,0,0,0,0,0,0,0,0,0,0,0,0,0,0,0,0,0,0,0.224368,47.832481,194.801422,418.484039,678.815125,999.871704,1395.413818,1927.862305,2484.194336,3098.4104,3739.956543,4390.126465,5025.361328,5651.685547,6103.023438,5588.978516,5088.769043,4736.450195,4642.998047,4516.089355,4422.499512,4259.050781,3976.739746,4030.026367,3999.870117,3989.30957,3975.971924,3640.004639,2744.322266,3406.965332,3838.612305,4322.267578,4463.649902,4658.537598,5012.088867,5567.21875,5571.824219,6118.672852,6583.646484,6568.021484,6725.271973,6293.220703,6211.305664,6084.853027,5591.516602,5040.87793,4477.909668,4001.894531,3411.779785,2807.477783,2257.543213,1749.453369,1305.827759,932.685669,633.137512,387.309204,176.067566,27.353405,0,0,0,0,0,0,0,0,0,0,0,0,0,0,0,0,0,0
0,0,0,0,0,0,0,0,0,0,0,0,0,0,0,0,0,0,0,0,0,30.105696,174.943192,394.601471,673.510376,1010.846558,1393.847412,1845.190796,2335.968018,2884.297363,3453.474609,4053.341309,4582.168457,5119.23877,5687.519043,6203.331543,6713.606445,6775.453613,6403.525879,6686.306641,6748.687012,7033.81543,7258.87207,6974.828125,6817.305664,7351.430664,7350.608887,6720.641113,6307.807617,6076.706543,6928.474609,7195.108398,7175.367188,7895.166016,7996.890137,8146.729004,7915.773926,7664.16748,7327.644531,6878.052246,6331.161621,5668.568848,5393.161133,4890.885254,4510.574707,4061.30835,3527.6604,2816.588379,2416.498291,2055.298096,1583.188599,1270.841675,1013.121338,769.078918,567.76178,350.304962,159.546814,27.544786,0,0,0,0,0,0,0,0,0,0,0,0,0,0,0,0,0,0
0,0,0,0,0,0,0,0,0,0,0,0,0,0,0,0,0,0,0,0,0.214575,30.73386,168.912125,373.57251,606.166443,876.330444,1183.317627,1519.681885,1890.43457,2287.706055,2718.200684,3102.956055,3460.094727,3769.374268,4111.418457,4558.419434,5009.404297,5324.416992,5514.416992,5685.814453,6053.15918,6356.20459,6508.29248,6602.578613,6916.716309,7163.974121,7319.557617,6592.859375,5431.161133,5382.140137,6013.324707,6065.03418,6228.523926,6627.210938,6751.023438,7075.458496,6977.381836,6915.426758,6817.763672,6584.654785,6272.573242,5860.131836,5467.205078,5031.29248,4591.651367,4027.813477,3445.015869,2990.034912,2504.949951,2074.785156,1655.955322,1188.942139,869.378235,578.554565,360.903961,197.941589,73.112091,3.396192,0,0,0,0,0,0,0,0,0,0,0,0,0,0,0,0,0,0
0,0,0,0,0,0,0,0,0,0,0,0,0,0,0,0,0,0,0,0,0,32.911827,115.676735,218.190277,314.155701,463.186859,590.88501,745.627563,993.728577,1222.245117,1481.925537,1543.366333,1482.942871,1934.452881,2051.622803,1853.057007,1677.99231,1675.802856,1772.213379,1699.616455,1773.203613,1910.526855,1913.178467,2235.726074,2360.436035,2247.308594,2218.57959,2324.867188,2031.727051,1922.818359,2021.073242,2068.375977,1888.852295,1837.703369,1775.505615,1559.195923,1481.178467,1424.648804,1260.15564,1261.663696,1085.193481,1015.230103,1041.723999,988.214966,933.290894,764.692017,684.559814,547.437195,422.587646,341.539062,284.675323,205.521652,131.105255,81.42363,34.836174,15.16857,0.167837,0,0,0,0,0,0,0,0,0,0,0,0,0,0,0,0,0,0,0
0,0,0,0,0,0,0,0,0,0,0,0,0,0,0,0,0,0,0,0,0,0.617032,29.245636,93.261986,189.831116,351.843597,451.50531,579.507202,737.424805,904.74115,1193.562256,1426.050781,1627.666016,1825.432129,2148.750977,2511.049072,2756.498291,2958.306641,2975.370361,3098.627686,3153.850586,3300.115967,3229.042969,3407.316895,3542.923828,3551.905762,3864.463867,3853.300537,3678.561523,3567.87793,3514.740234,3377.723389,3208.18042,3158.611084,2980.830322,2836.898926,2587.136719,2460.17749,2249.049561,2184.22583,2030.828613,1902.130371,1801.245605,1802.944458,1721.265381,1624.664429,1538.307495,1412.242676,1340.252441,1296.302856,1168.340942,884.679443,704.864563,528.140015,360.388519,251.729614,122.461205,35.000267,3.760313,3.751949,3.951028,3.933946,3.941865,3.941297,3.957805,0,0,0,0,0,0,0,0,0,0,0
0,0,0,0,0,0,0,0,0,0,0,0,0,0,0,0,0,4.001108,3.967006,3.894286,11.969066,72.153236,246.285187,480.334564,766.758789,1115.261597,1560.494873,2095.230713,2695.151367,3357.837402,4061.92041,4679.980957,5287.523438,5886.033203,5988.734863,4295.335938,3656.035156,3175.855957,2985.476318,2713.231934,2402.52002,2307.778809,2050.144043,2035.105347,2064.307129,2285.63623,2247.435303,2070.218994,1727.963379,2200.798584,2538.618164,2661.615234,2279.866455,2972.563965,3087.15918,3277.151123,3330.130615,3665.244629,4005.925049,4056.436279,4105.624023,4440.757324,4115.788086,4919.999023,4934.818359,4757.997559,4735.563965,4307.331055,3724.956543,3121.499268,2510.53125,1965.168091,1449.349976,1039.145508,719.142944,466.130341,250.880066,75.01963,5.315783,3.563442,3.923119,0,0,0,0,0,0,0,0,0,0,0,0,0,0,0
0,0,0,0,0,0,0,0,0,0,0,0,0,0,0,0,0,0,0,0,4.10048,66.957764,265.343475,522.649536,825.78833,1196.851562,1609.767334,2053.180176,2509.651367,3020.847412,3574.299561,4146.054199,4695.057617,5191.977539,5563.824707,6052.895508,6446.496094,6753.648926,7027.084473,7208.566406,7441.583984,7655.724121,7610.041504,7405.147949,6772.012695,7173.10791,6631.137695,5795.461426,4561.530762,4469.434082,4757.605469,4965.472656,5600.180664,5848.667969,6193.842285,6595.548828,7004.679199,7116.102539,6493.489258,6341.120117,6018.192871,5713.443359,5264.162109,4975.39209,4699.841309,4185.970703,3751.172607,3502.053223,2976.35791,2541.048828,2063.245605,1663.8125,1317.057983,1000.217285,738.560181,487.48291,254.483063,62.348621,1.300406,0,0,0,0,0,0,0,0,0,0,0,0,0,0,0,0,0
0,0,0,0,0,0,0,0,0,0,0,0,0,0,0,0,0,0,0,0,0.562662,51.868717,231.720108,475.843109,763.922058,1062.728638,1436.307129,1898.224121,2406.600586,2940.996094,3500.140381,4052.522949,4640.806152,5228.678711,5822.544922,6364.643066,6677.578125,7048.171875,7431.327637,7730.26416,7881.892578,6869.493652,6872.464355,6319.323242,6102.498535,6728.228516,6443.08252,5416.662598,4476.13916,5269.453125,6049.915527,7052.762695,7444.128418,8597.214844,8696.957031,8567.230469,8324.710938,8014.397949,7697.428223,7295.048828,6855.358398,6391.708496,6022.489258,5659.663086,5139.385742,4634.903809,4162.375977,3645.105225,3237.955078,2824.289551,2237.137695,1682.555786,1303.059937,947.638,661.519287,431.543396,238.539246,70.086174,4.686152,1.796651,2.738027,2.793509,2.760719,2.739834,0,0,0,0,0,0,0,0,0,0,0,0
0,0,0,0,0,0,0,0,0,0,0,0,0,0,0,0,0,0,0,0,4.246151,57.236534,236.005005,478.167664,760.168701,1091.869629,1493.989502,1961.541382,2494.200928,3074.218262,3677.249756,4271.23291,4901.302734,5490.888184,6050.226562,6570.52832,6885.010254,6677.387695,6613.549805,6196.571289,5119.508789,4676.833984,4461.348633,4318.435547,4297.527832,4554.749512,4230.233398,3816.746826,3242.375488,3155.798584,4332.752441,4635.150879,5286.395508,5942.753906,6764.994141,7946.549805,8268.90332,8063.310547,7831.40332,7607.943359,7295.860352,6915.206543,6415.071289,5797.483398,5524.976562,5068.020508,4510.361328,4034.731934,3453.578125,2874.020752,2383.049561,1877.801147,1451.636353,1084.457031,755.049072,468.392273,234.716339,63.879284,1.589685,0,0,0,0,0,0,0,0,0,0,0,0,0,0,0,0,0
0,0,0,0,0,0,0,0,0,0,0,0,0,0,0,0,0,0,0,0,7.523622,74.263535,231.115067,438.116211,696.472778,1026.834595,1442.640625,1936.299561,2491.092773,3089.468506,3695.081055,4297.539062,4898.916992,5473.912109,6034.769043,6560.546875,6881.694336,7280.174805,7643.133301,7981.124512,8266.504883,7762.437012,5678.098145,4567.148926,4165.742188,5606.980957,5735.635254,5565.764648,4643.65918,5411.432617,5662.601562,5786.897461,5985.73877,6154.299805,6424.132324,6910.557617,7151.811523,7378.878418,7144.414062,7367.368652,7429.012207,7037.454102,6609.266602,6131.688477,5653.217285,5185.25,4686.735352,4135.571777,3554.159668,2969.217529,2405.114746,1872.025391,1416.244141,1034.188965,712.75647,456.258362,254.557083,79.398056,3.258826,0,0,0,0,0,0,0,0,0,0,0,0,0,0,0,0,0
0,0,0,0,0,0,0,0,0,0,0,0,0,0,0,0,0,0,0,0,5.663395,78.796814,267.451263,502.076538,781.397949,1117.452026,1522.030518,1997.802856,2542.143799,3097.884277,3667.837891,4258.259766,4841.539551,5417.959961,5975.286133,6484.265137,6939.398438,7359.147461,7766.768066,8089.104492,7355.345215,7410.15332,7441.57373,7489.807129,7342.171387,7842.121582,7232.322754,6276.379883,5092.686035,5857.161133,6205.136719,6635.247559,6824.80127,6722.24707,6766.310547,7264.726562,7814.62793,8074.661133,7812.716797,7632.359863,7144.432617,6714.47168,6100.005371,5465.803711,5031.837402,4715.100098,4188.314453,3611.245117,3103.817383,2741.365234,2519.614014,2103,1368.336304,1029.441772,843.381653,524.005371,254.684998,80.28511,10.811002,8.144647,8.510744,8.567788,8.553477,8.52829,8.55276,0,0,0,0,0,0,0,0,0,0,0
0,0,0,0,0,0,0,0,0,0,0,0,0,0,0,0,0,0,0,0,14.753756,78.622635,231.698044,505.732269,846.100342,1145.519897,1480.813721,1960.979736,2555.788574,2847.316162,3233.417969,3438.764648,4117.859863,4578.03418,5078.305664,4825.850586,5037.638672,5675.719727,5813.962891,6137.493164,6217.039551,6411.535156,6737.75,6937.756836,7062.742676,7288.283691,7246.444824,7455.258789,7616.924805,7345.930664,7500.118164,7291.390625,6884.668945,7000.814941,6786.589355,6481.661133,6044.663086,5924.109375,5459.67334,4964.120605,4846.92627,4482.648926,3939.216797,3769.029785,3078.895996,2617.797119,2242.829346,2005.319458,2036.768677,1463.834717,1153.793701,969.287415,798.383606,545.620789,376.670258,271.614624,128.329819,16.511911,0,0,0,0,0,0,0,0,0,0,0,0,0,0,0,0,0,0
0,0,0,0,0,0,0,0,0,0,0,0,0,0,0,0,0,0,0,0,0,17.967154,72.822495,175.672104,285.837158,411.91806,552.965698,791.211609,983.880493,1089.766602,1285.88208,1598.991821,1864.233643,1920.053101,1876.775513,2189.168213,2437.423096,2710.708984,2722.048584,2588.450439,2533.806641,2783.104492,2858.422363,3107.921875,3367.556396,3830.905029,4343.806641,4778.948242,4900.592285,5016.336914,4929.827148,5025.015625,5076.29834,4822.778809,4373.748047,4245.372559,4271.770508,4123.501465,4040.602539,3815.569092,3667.067139,3476.371826,3245.337402,2980.310791,2695.905273,2459.077637,2240.325684,2014.263794,1749.402466,1368.775269,963.889893,738.027649,527.162964,370.74231,236.785141,144.658463,64.53537,4.953496,0,0,0,0,0,0,0,0,0,0,0,0,0,0,0,0,0,0
